Job Title,Salary,Company,Location,Due Date,Job Link
Thực Tập Sinh Lập Trình Web + Mobile App ( Thu Nhập 3 - 7 Triệu/ Tháng),3 - 7 triệu,CTCP Công nghệ Tài chính Unikgate,"Số 1 Nguyễn Hy Quang, Phường ô Chợ Dừa, Quận Đống đa, Hà Nội",Hạn nộp hồ sơ: 22/05/2024,https://www.topcv.vn/viec-lam/thuc-tap-sinh-lap-trinh-web-mobile-app-thu-nhap-3-7-trieu-thang/1160615.html?ta_source=ITJobs_LinkDetail
Fresher Tester (Tiếng Anh Thành Thạo),Thoả thuận,Công Ty SmartOSC,"Head Office: Handico Tower, Pham Hung Street, Nam Tu Liem District, Ha Noi/ HCM Office: 2nd Floor, Tuoi Tre Tower, 60A Hoang Van Thu Street, Ward 9, Phu Nhuan District, Ho Chi Minh City/ Danang Office: G8 Golden building, 65 Hai Phong, Thach Thang Ward, Hai Chau District, Danang city",Hạn nộp hồ sơ: 20/05/2024,https://www.topcv.vn/viec-lam/fresher-tester-tieng-anh-thanh-thao/1305673.html?ta_source=ITJobs_LinkDetail
Project Manager Fresher - Tiếng Anh Thành Thạo,9 - 15 triệu,Công Ty Cổ Phần Công Nghệ VMO Holdings,"Tầng 8 tòa nhà IDMC, Tôn Thất Thuyết, Cầu Giấy, Hà Nội",Hạn nộp hồ sơ: 30/06/2024,https://www.topcv.vn/viec-lam/project-manager-fresher-tieng-anh-thanh-thao/1323982.html?ta_source=ITJobs_LinkDetail
Thực Tập Sinh IT Support,Thoả thuận,Công ty TNHH Ceva Logistics (Việt Nam),"Park IX, 3rd Floor, 8 Phan Đình Giót, Phường 2, Tân Bình, Thành phố Hồ Chí Minh",Hạn nộp hồ sơ: 05/06/2024,https://www.topcv.vn/viec-lam/thuc-tap-sinh-it-support/1036733.html?ta_source=ITJobs_LinkDetail
Thực Tập Sinh AI,4 - 8 triệu,CÔNG TY CỔ PHẦN TRUYỀN THÔNG VĂN HOÁ VIỆT,"P322-324 Tháp đông, sàn TM, chung cư Học Viện Quốc Phòng, Xuân La, Tây Hồ, Hà Nội",Hạn nộp hồ sơ: 05/06/2024,https://www.topcv.vn/viec-lam/thuc-tap-sinh-ai/928845.html?ta_source=ITJobs_LinkDetail
Thực Tập Sinh QA,4 - 7 triệu,CÔNG TY CỔ PHẦN TRUYỀN THÔNG VĂN HOÁ VIỆT,"P322-324 Tháp đông, sàn TM, chung cư Học Viện Quốc Phòng, Xuân La, Tây Hồ, Hà Nội",Hạn nộp hồ sơ: 05/06/2024,https://www.topcv.vn/viec-lam/thuc-tap-sinh-qa/1315776.html?ta_source=ITJobs_LinkDetail
Thực Tập Sinh Kinh Doanh / Intern Sale Ứng Dụng,1 - 2.5 triệu,CÔNG TY CỔ PHẦN CÔNG NGHỆ IZI SOFTWARE,"183 Quách Thị Trang, Phường Hoà Xuân, Quận Cẩm Lệ, Thành phố Đà Nẵng, Việt Nam",Hạn nộp hồ sơ: 05/06/2024,https://www.topcv.vn/viec-lam/thuc-tap-sinh-kinh-doanh-intern-sale-ung-dung/1323211.html?ta_source=ITJobs_LinkDetail
Cộng Tác Viên Content Marketing,Thoả thuận,Công Ty Cổ Phần IGB,"Sô 118, ngõ 389 Trương Định. Tân Mai. Hoàng Mai, Hà Nội",Hạn nộp hồ sơ: 06/06/2024,https://www.topcv.vn/viec-lam/cong-tac-vien-content-marketing/775225.html?ta_source=ITJobs_LinkDetail
Intern Xamarin Web Developer - Thực Tập Sinh Web,Tới 5 triệu,Ugotechs,"62A Song Đô Tower, Phạm Ngọc Thạch, P6, Q3, TPHCM",Hạn nộp hồ sơ: 05/06/2024,https://www.topcv.vn/viec-lam/intern-xamarin-web-developer-thuc-tap-sinh-web/1323612.html?ta_source=ITJobs_LinkDetail
Intern Xamarin Android - Thực Tập Sinh Mobile,Tới 5 triệu,Ugotechs,"62A Song Đô Tower, Phạm Ngọc Thạch, P6, Q3, TPHCM",Hạn nộp hồ sơ: 31/10/2024,https://www.topcv.vn/viec-lam/intern-xamarin-android-thuc-tap-sinh-mobile/1323621.html?ta_source=ITJobs_LinkDetail
Intern Tester,Thoả thuận,CÔNG TY CỔ PHẦN KAOPIZ HOLDINGS,"Tầng 4, Tòa CT1, Tòa nhà Bắc Hà C14, phố Tố hữu, Phường Trung Văn, Quận Nam Từ Liêm, Thành phố Hà Nội, Việt Nam",Hạn nộp hồ sơ: 05/06/2024,https://www.topcv.vn/viec-lam/intern-tester/915072.html?ta_source=ITJobs_LinkDetail
QA/ Tester (Intern),Tới 4.2 triệu,Sun* Inc. (Sun Asterisk Inc.),"13F Keangnam Landmark 72 Tower, Plot E6, Pham Hung Road, Nam Tu Liem District., Ha Noi",Hạn nộp hồ sơ: 05/06/2024,https://www.topcv.vn/viec-lam/qa-tester-intern/1062445.html?ta_source=ITJobs_LinkDetail
Thực Tập Sinh Kinh Doanh,Thoả thuận,Công ty cổ phần TechLead,Tầng 4 - Số 11 Nguyễn Xiển - Thanh Xuân - Hà Nội,Hạn nộp hồ sơ: 05/06/2024,https://www.topcv.vn/viec-lam/thuc-tap-sinh-kinh-doanh/1165166.html?ta_source=ITJobs_LinkDetail
Android Intern,Tới 4.2 triệu,Sun* Inc. (Sun Asterisk Inc.),"13F Keangnam Landmark 72 Tower, Plot E6, Pham Hung Road, Nam Tu Liem District., Ha Noi",Hạn nộp hồ sơ: 05/06/2024,https://www.topcv.vn/viec-lam/android-intern/1251731.html?ta_source=ITJobs_LinkDetail
IOS Intern,Tới 4.2 triệu,Sun* Inc. (Sun Asterisk Inc.),"13F Keangnam Landmark 72 Tower, Plot E6, Pham Hung Road, Nam Tu Liem District., Ha Noi",Hạn nộp hồ sơ: 05/06/2024,https://www.topcv.vn/viec-lam/ios-intern/1251732.html?ta_source=ITJobs_LinkDetail
Thực Tập Sinh SEO,Tới 1.5 triệu,CÔNG TY TNHH GIẢI PHÁP THƯƠNG MẠI FAGO GROUP,"26/1 Nguyễn Minh Hoàng, Phường 12, Quận Tân Bình, TP. Hồ Chí Minh",Hạn nộp hồ sơ: 05/06/2024,https://www.topcv.vn/viec-lam/thuc-tap-sinh-seo/550273.html?ta_source=ITJobs_LinkDetail
Thực Tập Sinh NodeJS,1 - 2 triệu,CÔNG TY CỔ PHẦN TẬP ĐOÀN HQ,125 Dương Quảng Hàm - Quan Hoa - Cầu Giấy - Hà Nội,Hạn nộp hồ sơ: 05/06/2024,https://www.topcv.vn/viec-lam/thuc-tap-sinh-nodejs/1321449.html?ta_source=ITJobs_LinkDetail
Intern Marketing (Chương Trình Đào Tạo Be UA Lab),3 - 4 triệu,Công Ty Cổ Phần Đầu Tư Và Phát Triển Công Nghệ Proxglobal,"Tầng 4, Tòa 60B Nguyễn Huy Tưởng, Phường Thanh Xuân Trung, Quận Thanh Xuân, Hà Nội",Hạn nộp hồ sơ: 05/06/2024,https://www.topcv.vn/viec-lam/intern-marketing-chuong-trinh-dao-tao-be-ua-lab/1322299.html?ta_source=ITJobs_LinkDetail
Thực Tập Sinh Lập Trình Viên PHP,Thoả thuận,Công ty Cổ phần Dịch vụ Truyền thông Đa phương tiện Việt Nam,"Tầng 3, số 14 Pháo Đài Láng, Láng Thượng, Đống Đa, Hà Nội",Hạn nộp hồ sơ: 10/06/2024,https://www.topcv.vn/viec-lam/thuc-tap-sinh-lap-trinh-vien-php/1052719.html?ta_source=ITJobs_LinkDetail
Intern Marketing,Thoả thuận,Công ty Cổ phần Phần mềm Việt Quốc tế (VSII),"Tầng 3 Cenxspace, tòa nhà Dolphin, 28 Trần Bình, Nam Từ Liêm, Hà Nội",Hạn nộp hồ sơ: 15/07/2024,https://www.topcv.vn/viec-lam/intern-marketing/1320032.html?ta_source=ITJobs_LinkDetail
Thực Tập Sinh Lập Trình ( Tiếng Anh Giao Tiếp Tốt),4 - 6 triệu,Công ty CP Phần mềm MOR,"Tầng 25, tháp B1, tòa nhà Roman Plaza - Hải Phát, Tố Hữu, Nam Từ Liêm, Hà Nội",Hạn nộp hồ sơ: 03/06/2024,https://www.topcv.vn/viec-lam/thuc-tap-sinh-lap-trinh-tieng-anh-giao-tiep-tot/1322200.html?ta_source=ITJobs_LinkDetail
Thực Tập Sinh Lập Trình Viên JavaScript,Thoả thuận,Công ty Cổ phần Dịch vụ Truyền thông Đa phương tiện Việt Nam,"Tầng 3, số 14 Pháo Đài Láng, Láng Thượng, Đống Đa, Hà Nội",Hạn nộp hồ sơ: 10/06/2024,https://www.topcv.vn/viec-lam/thuc-tap-sinh-lap-trinh-vien-javascript/1052711.html?ta_source=ITJobs_LinkDetail
Thực Tập Sinh Khoa Học Dữ Liệu,1 - 5 triệu,CÔNG TY CỔ PHẦN CÔNG NGHỆ THÔNG TIN ĐỊA LÝ EK,"Tầng 3 Tòa CT1 - Thái Hà, 43 Phạm Văn Đồng, Cổ Nhuế 2, Bắc Từ Liêm, Hà Nội",Hạn nộp hồ sơ: 03/06/2024,https://www.topcv.vn/viec-lam/thuc-tap-sinh-khoa-hoc-du-lieu/1321775.html?ta_source=ITJobs_LinkDetail
Thực Tập Sinh Android,Thoả thuận,Công ty CP Giải pháp Thanh toán Việt Nam (VNPAY),"22 Láng Hạ, Đống Đa, Hà Nội",Hạn nộp hồ sơ: 03/06/2024,https://www.topcv.vn/viec-lam/thuc-tap-sinh-android/1322110.html?ta_source=ITJobs_LinkDetail
Thực Tập Sinh Java Backend (Thực Tập Fulltime),Thoả thuận,Công ty TNHH Dịch vụ công nghệ TP,"Tầng 2 Tòa Rivera Park, 69 Vũ Trọng Phụng, Thanh Xuân, Hà Nội",Hạn nộp hồ sơ: 03/06/2024,https://www.topcv.vn/viec-lam/thuc-tap-sinh-java-backend-thuc-tap-fulltime/835576.html?ta_source=ITJobs_LinkDetail
Thực Tập Sinh Tester - Kiểm Thử,Thoả thuận,UmaxSoft,"D3/38 Khu A, Khu Biệt thự liền kề, KDT mới Dương Nội, Hà Đông, Hà Nội",Hạn nộp hồ sơ: 03/06/2024,https://www.topcv.vn/viec-lam/thuc-tap-sinh-tester-kiem-thu/1321055.html?ta_source=ITJobs_LinkDetail
Thực Tập Sinh Tester,Tới 4.8 triệu,Công ty Cổ phần NCCPLUS Việt Nam - Văn phòng đại diện tại thành phố Đà Nẵng,"Tầng 4, tòa nhà Ricco, 363 Nguyễn Hữu Thọ, Phường Khuê Trung, Quận Cẩm Lệ, Thành phố Đà Nẵng, Việt Nam",Hạn nộp hồ sơ: 03/06/2024,https://www.topcv.vn/viec-lam/thuc-tap-sinh-tester/1320159.html?ta_source=ITJobs_LinkDetail
Intern React Native,Tới 4.8 triệu,Công ty Cổ phần NCCPLUS Việt Nam - Văn phòng đại diện tại thành phố Đà Nẵng,"Tầng 4, tòa nhà Ricco, 363 Nguyễn Hữu Thọ, Phường Khuê Trung, Quận Cẩm Lệ, Thành phố Đà Nẵng, Việt Nam",Hạn nộp hồ sơ: 03/06/2024,https://www.topcv.vn/viec-lam/intern-react-native/1256790.html?ta_source=ITJobs_LinkDetail
Monetization Optimizer (Intern),Thoả thuận,ICETEA LABS,"Tầng 11, Tòa IPH, 241 Xuân Thủy, Cầu Giấy, Hà Nội",Hạn nộp hồ sơ: 03/06/2024,https://www.topcv.vn/viec-lam/monetization-optimizer-intern/1321475.html?ta_source=ITJobs_LinkDetail
Thực Tập Thiết Kế Đồ Hoạ (Được Giữ Lại Làm Việc),2 - 3 triệu,CÔNG TY TNHH THƯƠNG MẠI VÀ DU LỊCH ZOOM,"1541 đường 3 tháng 2, P.16, Q.11, TP.HCM",Hạn nộp hồ sơ: 03/06/2024,https://www.topcv.vn/viec-lam/thuc-tap-thiet-ke-do-hoa-duoc-giu-lai-lam-viec/1076051.html?ta_source=ITJobs_LinkDetail
"Thực Tập Sinh .Net Developer ( ASP.NET , C#)",Thoả thuận,CÔNG TY TNHH W2SOLUTION VIỆT NAM,"95A1 Trần Quốc Toản, Phường Võ Thị Sáu, Quận 3",Hạn nộp hồ sơ: 02/06/2024,https://www.topcv.vn/viec-lam/thuc-tap-sinh-net-developer-asp-net-c/1285595.html?ta_source=ITJobs_LinkDetail
IT Internship,1 - 7 triệu,CÔNG TY TNHH MẠNG GIÁO DỤC,"Phòng số 1, Toà nhà R&D Labs, số 1, đường số 13, khu công viên phần mềm Quang Trung, Phường Tân Chánh Hiệp, Quận 12, Thành phố Hồ Chí Minh, Việt Nam",Hạn nộp hồ sơ: 02/06/2024,https://www.topcv.vn/viec-lam/it-internship/1213096.html?ta_source=ITJobs_LinkDetail
Thực Tập Sinh Marketing (Game & App),3 - 6 triệu,Wavez Technologies,"Golden palace, Tầng 2, Tháp A, Tòa nhà, Đ. Mễ Trì, Nam Từ Liêm, Hà Nội",Hạn nộp hồ sơ: 30/06/2024,https://www.topcv.vn/viec-lam/thuc-tap-sinh-marketing-game-app/1320959.html?ta_source=ITJobs_LinkDetail
Graphic Designer (Intern/Fresher),Tới 18 triệu,SonatGame Studio,"Tầng 11, tòa nhà Bamboo Airways Tower, 265 Cầu Giấy, Hà Nội",Hạn nộp hồ sơ: 03/06/2024,https://www.topcv.vn/viec-lam/graphic-designer-intern-fresher/1286683.html?ta_source=ITJobs_LinkDetail
CTV Khảo Sát Thực Địa,Thoả thuận,Công ty CP Giải pháp Thanh toán Việt Nam (VNPAY),"22 Láng Hạ, Đống Đa, Hà Nội",Hạn nộp hồ sơ: 02/06/2024,https://www.topcv.vn/viec-lam/ctv-khao-sat-thuc-dia/1320776.html?ta_source=ITJobs_LinkDetail
Tester Intern,Tới 1 triệu,IMT SOLUTIONS CORP,"55-57 Bàu Cát 4, Phường 13, Tân Bình, Hồ Chí Minh",Hạn nộp hồ sơ: 02/06/2024,https://www.topcv.vn/viec-lam/tester-intern/1195119.html?ta_source=ITJobs_LinkDetail
Thực Tập Sinh Tester,Thoả thuận,CÔNG TY CỔ PHẦN CÔNG NGHỆ QUỐC TẾ MH SOLUTION,"Số 71-73, đường Trần Thái Tông, phường Dịch Vọng, Quận Cầu Giấy, Hà Nội",Hạn nộp hồ sơ: 02/06/2024,https://www.topcv.vn/viec-lam/thuc-tap-sinh-tester/1318757.html?ta_source=ITJobs_LinkDetail
Thực Tập Sinh Devops - Cơ Hội Được Đào Tạo & Trở Thành Nhân Viên Chính Thức,Thoả thuận,AMIGO,"P501, tầng 5, tòa IPH, số 241 Xuân Thủy, Cầu Giấy, Hà Nội",Hạn nộp hồ sơ: 02/06/2024,https://www.topcv.vn/viec-lam/thuc-tap-sinh-devops-co-hoi-duoc-dao-tao-tro-thanh-nhan-vien-chinh-thuc/1319665.html?ta_source=ITJobs_LinkDetail
Thực Tập Sinh Tester,Thoả thuận,Công ty TNHH Lửa Á Châu,"72/24 Phan Đăng Lưu Phường 5 Quận Phú Nhuận, TP HCM",Hạn nộp hồ sơ: 01/06/2024,https://www.topcv.vn/viec-lam/thuc-tap-sinh-tester/930138.html?ta_source=ITJobs_LinkDetail
Thực Tập Sinh Game 2D Artist,Thoả thuận,CÔNG TY CỔ PHẦN TECHASIANS,"Tầng 3, Tòa 21T2 Hapulico Complex, số 01 đường Nguyễn Huy Tưởng, Phường Thanh Xuân Trung, Quận Thanh Xuân, Thành phố Hà Nội, Việt Nam",Hạn nộp hồ sơ: 01/06/2024,https://www.topcv.vn/viec-lam/thuc-tap-sinh-game-2d-artist/1005544.html?ta_source=ITJobs_LinkDetail
Thực Tập Sinh Python,Thoả thuận,Công ty TNHH 1 thành viên công nghệ và truyền thông 3i,"Nhà B1-4, khu đô thị 54 Hạ Đình, ngõ 85 Hạ Đình, Q.Thanh Xuân, TP.Hà Nội",Hạn nộp hồ sơ: 01/06/2024,https://www.topcv.vn/viec-lam/thuc-tap-sinh-python/1157799.html?ta_source=ITJobs_LinkDetail
Thực Tập Sinh Android,Tới 5 triệu,CÔNG TY TNHH MONSTARLAB VIỆT NAM,"Tầng 4 tháp C tòa nhà Golden Palace, đường Mễ Trì, Q.nam Từ Liêm,Hà Nội",Hạn nộp hồ sơ: 01/06/2024,https://www.topcv.vn/viec-lam/thuc-tap-sinh-android/373891.html?ta_source=ITJobs_LinkDetail
Thực Tập Sinh IOS,Tới 5 triệu,CÔNG TY TNHH MONSTARLAB VIỆT NAM,"Tầng 4 tháp C tòa nhà Golden Palace, đường Mễ Trì, Q.nam Từ Liêm,Hà Nội",Hạn nộp hồ sơ: 01/06/2024,https://www.topcv.vn/viec-lam/thuc-tap-sinh-ios/368396.html?ta_source=ITJobs_LinkDetail
Thực Tập Sinh Front - End,Tới 5 triệu,CÔNG TY TNHH MONSTARLAB VIỆT NAM,"Tầng 4 tháp C tòa nhà Golden Palace, đường Mễ Trì, Q.nam Từ Liêm,Hà Nội",Hạn nộp hồ sơ: 01/06/2024,https://www.topcv.vn/viec-lam/thuc-tap-sinh-front-end/368415.html?ta_source=ITJobs_LinkDetail
Thực Tập Sinh Tester (Tiếng Nhật N4),2 - 5 triệu,Công ty TNHH Kiaisoft Việt Nam,"Tòa C+ Office, Đường Thành Thái, Cầu Giấy, Hà Nội",Hạn nộp hồ sơ: 31/07/2024,https://www.topcv.vn/viec-lam/thuc-tap-sinh-tester-tieng-nhat-n4/1318523.html?ta_source=ITJobs_LinkDetail
Thực Tập Sinh Golang,Tới 5 triệu,CÔNG TY TNHH MONSTARLAB VIỆT NAM,"Tầng 4 tháp C tòa nhà Golden Palace, đường Mễ Trì, Q.nam Từ Liêm,Hà Nội",Hạn nộp hồ sơ: 01/06/2024,https://www.topcv.vn/viec-lam/thuc-tap-sinh-golang/386713.html?ta_source=ITJobs_LinkDetail
Thực Tập Sinh Seo Web In Ấn,5 - 6 triệu,CÔNG TY CỔ PHẦN IN HOA LONG,"Cụm Sản xuất Làng Nghề Tập trung, Lô D10- 15, Tân Triều, Thanh Trì, Hà Nội",Hạn nộp hồ sơ: 01/06/2024,https://www.topcv.vn/viec-lam/thuc-tap-sinh-seo-web-in-an/1318931.html?ta_source=ITJobs_LinkDetail
Thực Tập Sinh Nodejs,Tới 5 triệu,CÔNG TY TNHH MONSTARLAB VIỆT NAM,"Tầng 4 tháp C tòa nhà Golden Palace, đường Mễ Trì, Q.nam Từ Liêm,Hà Nội",Hạn nộp hồ sơ: 01/06/2024,https://www.topcv.vn/viec-lam/thuc-tap-sinh-nodejs/476022.html?ta_source=ITJobs_LinkDetail
"Thực Tập Sinh Kinh Doanh Dự Án, Phần Mềm",1 - 5 triệu,Công ty Cổ phần Tập đoàn Công nghê BMS,"Tòa nhà số 140 Phố Nguyễn Ngọc Nại, Quận Thanh Xuân, Hà Nội",Hạn nộp hồ sơ: 01/06/2024,https://www.topcv.vn/viec-lam/thuc-tap-sinh-kinh-doanh-du-an-phan-mem/1273416.html?ta_source=ITJobs_LinkDetail
"Global Sales Intern (Ecommerce, Fulltime)",1 - 4 triệu,Hamsa Corporation,"CIC Tower, 219 Trung Kính",Hạn nộp hồ sơ: 01/06/2024,https://www.topcv.vn/viec-lam/global-sales-intern-ecommerce-fulltime/1318727.html?ta_source=ITJobs_LinkDetail
Thực Tập Sinh Android Developer,2 - 5 triệu,Công ty Phát triển giải pháp và Công nghệ thông tin Việt Nam,"Tòa nhà Cowa, Số 1, Ngõ 199 Hồ Tùng Mậu, Nam Từ Liêm, Hà Nội",Hạn nộp hồ sơ: 01/06/2024,https://www.topcv.vn/viec-lam/thuc-tap-sinh-android-developer/455943.html?ta_source=ITJobs_LinkDetail
Thực Tập Sinh App Designer (UI/ UX),3 - 5 triệu,Công ty Phát triển giải pháp và Công nghệ thông tin Việt Nam,"Tòa nhà Cowa, Số 1, Ngõ 199 Hồ Tùng Mậu, Nam Từ Liêm, Hà Nội",Hạn nộp hồ sơ: 01/06/2024,https://www.topcv.vn/viec-lam/thuc-tap-sinh-app-designer-ui-ux/908247.html?ta_source=ITJobs_LinkDetail
Thực Tập Sinh Tester,4 - 7 triệu,CÔNG TY CỔ PHẦN TRUYỀN THÔNG VĂN HOÁ VIỆT,"P322-324 Tháp đông, sàn TM, chung cư Học Viện Quốc Phòng, Xuân La, Tây Hồ, Hà Nội",Hạn nộp hồ sơ: 01/06/2024,https://www.topcv.vn/viec-lam/thuc-tap-sinh-tester/1317895.html?ta_source=ITJobs_LinkDetail
Intern UI- UX Designer,Tới 3 triệu,Công ty Cổ phần VNEXT SOFTWARE,Tầng 18- Tháp C - Tòa nhà Central Point- 219 Trung Kính- Cầu Giấy- Hà Nội,Hạn nộp hồ sơ: 01/06/2024,https://www.topcv.vn/viec-lam/intern-ui-ux-designer/1318933.html?ta_source=ITJobs_LinkDetail
Thực Tập Sinh IT (Backend),Thoả thuận,Công ty Cổ phần Công nghệ và Truyền hình 4.0 Việt Nam,"Căn SH27 lô đất A1 Dãy TT-1, số 120 Định Công, Phường Định Công, Quận Hoàng Mai, Thành phố Hà Nội",Hạn nộp hồ sơ: 01/06/2024,https://www.topcv.vn/viec-lam/thuc-tap-sinh-it-backend/1318422.html?ta_source=ITJobs_LinkDetail
Intern Tester (Có Tiếng Nhật),Thoả thuận,CÔNG TY CỔ PHẦN KAOPIZ HOLDINGS,"Tầng 4, Tòa CT1, Tòa nhà Bắc Hà C14, phố Tố hữu, Phường Trung Văn, Quận Nam Từ Liêm, Thành phố Hà Nội, Việt Nam",Hạn nộp hồ sơ: 01/06/2024,https://www.topcv.vn/viec-lam/intern-tester-co-tieng-nhat/591095.html?ta_source=ITJobs_LinkDetail
NodeJS Internship,Thoả thuận,Công ty TNHH Avada Group (Mageplaza),"Tầng 11 Toà nhà C Hồ Gươm Plaza, 102 Trần Phú, Hà Đông, Hà Nội",Hạn nộp hồ sơ: 02/06/2024,https://www.topcv.vn/viec-lam/nodejs-internship/1221770.html?ta_source=ITJobs_LinkDetail
Thực Tập Sinh Lập Trình Front-End ( React JS ),Thoả thuận,Công ty TNHH Giải Pháp Phần Mềm DHS,"VPĐD: 672A41 , Phan Văn Trị, KDC Cityland Park Hills, Phường 10, Gò Vấp, Tp.HCM",Hạn nộp hồ sơ: 01/06/2024,https://www.topcv.vn/viec-lam/thuc-tap-sinh-lap-trinh-front-end-react-js/630426.html?ta_source=ITJobs_LinkDetail
Unity Dev Intern/Fresher,1 - 15 triệu,CÔNG TY TNHH PLAYCITY,"Tầng 7, Toà nhà Spring Heirs, số 9 ngõ 82 Dịch Vọng Hậu, Phường Dịch Vọng Hậu, Quận Cầu Giấy",Hạn nộp hồ sơ: 01/06/2024,https://www.topcv.vn/viec-lam/unity-dev-intern-fresher/1318044.html?ta_source=ITJobs_LinkDetail
Fresher Fullsatck Developer,2.5 - 5 triệu,TP&P Technology Co. Ltd.,"Head Office: 302 Le Van Sy, Tan Binh Dist., HCMC, North Branch: Hai Ba Trung Dist., Ha Noi",Hạn nộp hồ sơ: 01/06/2024,https://www.topcv.vn/viec-lam/fresher-fullsatck-developer/1315395.html?ta_source=ITJobs_LinkDetail
Thực Tập Sinh Ba ( Business Analyst ),Thoả thuận,Công ty Cổ phần Công nghệ và Truyền hình 4.0 Việt Nam,"Căn SH27 lô đất A1 Dãy TT-1, số 120 Định Công, Phường Định Công, Quận Hoàng Mai, Thành phố Hà Nội",Hạn nộp hồ sơ: 01/06/2024,https://www.topcv.vn/viec-lam/thuc-tap-sinh-ba-business-analyst/1075712.html?ta_source=ITJobs_LinkDetail
Fresher Java Developer,7 - 10 triệu,Twendee Software Company,"Tầng 7, Detech Tower, số 8 Tôn Thất Thuyết",Hạn nộp hồ sơ: 01/06/2024,https://www.topcv.vn/viec-lam/fresher-java-developer/1316470.html?ta_source=ITJobs_LinkDetail
Thực Tập Sinh BA,Thoả thuận,Công ty TNHH AgileTech Việt Nam,"Tầng 4, toà nhà Tuấn Hạnh, Số 82 Ngõ 116 Nhân Hoà, Nhân Chính, Thanh Xuân, HN",Hạn nộp hồ sơ: 26/06/2024,https://www.topcv.vn/viec-lam/thuc-tap-sinh-ba/1315547.html?ta_source=ITJobs_LinkDetail
Intern Game Tester,Trên 5 triệu,Winter Wolf - IEC Games,"Hoàng Đạo Thúy, Cầu Giấy, Hà Nội",Hạn nộp hồ sơ: 28/05/2024,https://www.topcv.vn/viec-lam/intern-game-tester/707131.html?ta_source=ITJobs_LinkDetail
Thực Tập Sinh Phát Triển Phần Mềm,Thoả thuận,Công ty Cổ phần Chứng khoán Phú Hưng,"107 Tôn Dật Tiên, P. Tân Phú, Quận 7, HCMC",Hạn nộp hồ sơ: 31/05/2024,https://www.topcv.vn/viec-lam/thuc-tap-sinh-phat-trien-phan-mem/1051376.html?ta_source=ITJobs_LinkDetail
Intern Tester,Thoả thuận,Công ty TNHH SETA international Việt Nam,"Tầng 11, Tòa nhà HL, ngõ 82 Duy Tân, Cầu Giấy, Hà Nội",Hạn nộp hồ sơ: 27/05/2024,https://www.topcv.vn/viec-lam/intern-tester/1316930.html?ta_source=ITJobs_LinkDetail
Thực Tập Sinh Lập Trình Viên JavaScript,Thoả thuận,CÔNG TY CỔ PHẦN DỊCH VỤ TRUYỀN THÔNG ĐA PHƯƠNG TIỆN VIỆT NAM,"Số 4A, B18 Yên Lãng, Phường Thịnh Quang, Quận Đống Đa, Thành phố Hà Nội, Việt Nam",Hạn nộp hồ sơ: 30/05/2024,https://www.topcv.vn/viec-lam/thuc-tap-sinh-lap-trinh-vien-javascript/840991.html?ta_source=ITJobs_LinkDetail
Thực Tập Sinh Business Analyst,Tới 1 triệu,Công Ty TNHH Phần Mềm Hoàn Cầu,"235 Lý Thường Kiệt, Phường 6, Quận Tân Bình",Hạn nộp hồ sơ: 31/05/2024,https://www.topcv.vn/viec-lam/thuc-tap-sinh-business-analyst/975374.html?ta_source=ITJobs_LinkDetail
Fresher Data Engineer,7 - 10 triệu,CÔNG TY CỔ PHẦN ĐẦU TƯ VÀ CÔNG NGHỆ HEBELA,"Tòa Center Building, 85 Vũ Trọng Phụng, Thanh Xuân, Hà Nội",Hạn nộp hồ sơ: 03/06/2024,https://www.topcv.vn/viec-lam/fresher-data-engineer/1316899.html?ta_source=ITJobs_LinkDetail
Chương Trình Thực Tập Sinh,Trên 6 triệu,CÔNG TY CỔ PHẦN ĐẦU TƯ PHÁT TRIỂN THƯƠNG MẠI VIỄN ĐÔNG,"806 âu Cơ, Phường 14, Quận Tân Bình, TP Hồ Chí Minh",Hạn nộp hồ sơ: 30/06/2024,https://www.topcv.vn/viec-lam/chuong-trinh-thuc-tap-sinh/1316502.html?ta_source=ITJobs_LinkDetail
Comtor IT Tiếng Nhật (Intern),Thoả thuận,Công ty Cổ phần NTQ Solution,"Tòa Sông Đà, Phạm Hùng, Nam Từ Liêm, Hà Nội.",Hạn nộp hồ sơ: 26/05/2024,https://www.topcv.vn/viec-lam/comtor-it-tieng-nhat-intern/1316753.html?ta_source=ITJobs_LinkDetail
Thực Tập Sinh Lập Trình PHP,Thoả thuận,CÔNG TY CỔ PHẦN DỊCH VỤ TRUYỀN THÔNG ĐA PHƯƠNG TIỆN VIỆT NAM,"Số 4A, B18 Yên Lãng, Phường Thịnh Quang, Quận Đống Đa, Thành phố Hà Nội, Việt Nam",Hạn nộp hồ sơ: 30/05/2024,https://www.topcv.vn/viec-lam/thuc-tap-sinh-lap-trinh-php/841016.html?ta_source=ITJobs_LinkDetail
Thực Tập Sinh Triển Khai Phần Mềm,Thoả thuận,Công ty TNHH VNTRIP.VN,"Số 10 Ngõ 67 Thụy Khuê, Tây Hồ, Hà Nội",Hạn nộp hồ sơ: 26/05/2024,https://www.topcv.vn/viec-lam/thuc-tap-sinh-trien-khai-phan-mem/1312704.html?ta_source=ITJobs_LinkDetail
Thực Tập Sinh BA,Thoả thuận,Công ty TNHH TechHub Việt Nam,"Số 82 ngõ 116 Nhân Hoà, Thanh Xuân, Hà Nội",Hạn nộp hồ sơ: 26/06/2024,https://www.topcv.vn/viec-lam/thuc-tap-sinh-ba/1315546.html?ta_source=ITJobs_LinkDetail
Thực Tập Sinh PHP,4 - 8 triệu,CÔNG TY CỔ PHẦN TRUYỀN THÔNG VĂN HOÁ VIỆT,"P322-324 Tháp đông, sàn TM, chung cư Học Viện Quốc Phòng, Xuân La, Tây Hồ, Hà Nội",Hạn nộp hồ sơ: 26/05/2024,https://www.topcv.vn/viec-lam/thuc-tap-sinh-php/858201.html?ta_source=ITJobs_LinkDetail
Comtor Intern,Tới 6 triệu,Công ty Cổ phần NTQ Solution,"Tòa nhà Sông Đà, Phạm Hùng, Nam Từ Liêm, Hà Nội",Hạn nộp hồ sơ: 31/05/2024,https://www.topcv.vn/viec-lam/comtor-intern/1315392.html?ta_source=ITJobs_LinkDetail
Thực Tập Sinh (Ban Dự Án),Tới 3 triệu,Công ty TNHH Thu phí tự động VETC,"Tasco building, số 2 Phạm Hùng, Nam Từ Liêm, Hà Nội",Hạn nộp hồ sơ: 25/05/2024,https://www.topcv.vn/viec-lam/thuc-tap-sinh-ban-du-an/1315289.html?ta_source=ITJobs_LinkDetail
Intern Javascript,6 - 9 triệu,Công ty cổ phần SANAN,"Tầng 1, Toà nhà CIC Tower, Số 1 Nguyễn Thị Duệ Phường Yên Hòa, Quận Cầu Giấy, Thành phố Hà Nội, Việt Nam",Hạn nộp hồ sơ: 25/05/2024,https://www.topcv.vn/viec-lam/intern-javascript/1313671.html?ta_source=ITJobs_LinkDetail
Thực Tập Sinh Lập Trình Tối Ưu Website,Thoả thuận,Công Ty Cổ Phần Global Online Branding,"Lầu 6, 235 Lý Thường Kiệt ,Phường 6 ,Quận Tân Bình , TPHCM",Hạn nộp hồ sơ: 05/06/2024,https://www.topcv.vn/viec-lam/thuc-tap-sinh-lap-trinh-toi-uu-website/728671.html?ta_source=ITJobs_LinkDetail
Fresher Outsystem,Tới 7 triệu,FPT Software,"Tòa nhà FPT Building, số 17 Duy Tân, Cầu Giấy, Hà Nội",Hạn nộp hồ sơ: 25/05/2024,https://www.topcv.vn/viec-lam/fresher-outsystem/1315276.html?ta_source=ITJobs_LinkDetail
Business Development Intern,Thoả thuận,CÔNG TY TNHH SPACE T,"Tòa nhà La Bonita, số 6-8 đường Nguyễn Gia Trí, Phường 25, Quận Bình Thạnh, Thành phố Hồ Chí Minh, Việt Nam",Hạn nộp hồ sơ: 25/05/2024,https://www.topcv.vn/viec-lam/business-development-intern/1315231.html?ta_source=ITJobs_LinkDetail
Intern IOS Native,Thoả thuận,Công ty Cổ phần Ahiho,"Tầng 2, tòa nhà HH2 Bắc Hà, Số 15 phố Tố Hữu, phường Nhân Chính, quận Thanh Xuân, thành Phố Hà Nội, Việt Nam.",Hạn nộp hồ sơ: 31/05/2024,https://www.topcv.vn/viec-lam/intern-ios-native/1148606.html?ta_source=ITJobs_LinkDetail
IT Business Development Intern,Thoả thuận,CÔNG TY TNHH CÔNG NGHỆ ALADIN,"Tầng 4, Toà nhà Văn Phòng HH1 Meco Complex, Ng. 102 Trường Chinh, Phương Đình, Đống Đa, Hà Nội, Vietnam.",Hạn nộp hồ sơ: 31/05/2024,https://www.topcv.vn/viec-lam/it-business-development-intern/1315215.html?ta_source=ITJobs_LinkDetail
Công Tác Viên Bán Hàng Và Chăm Sóc Khách Hàng,Thoả thuận,RAPIDA TECHNOLOGIES,"183 Trường chinh, đống đa, hà nội",Hạn nộp hồ sơ: 31/05/2024,https://www.topcv.vn/viec-lam/cong-tac-vien-ban-hang-va-cham-soc-khach-hang/1315157.html?ta_source=ITJobs_LinkDetail
Thực Tập Sinh Ba,4 - 7 triệu,CÔNG TY CỔ PHẦN TRUYỀN THÔNG VĂN HOÁ VIỆT,"P322-324 Tháp đông, sàn TM, chung cư Học Viện Quốc Phòng, Xuân La, Tây Hồ, Hà Nội",Hạn nộp hồ sơ: 25/05/2024,https://www.topcv.vn/viec-lam/thuc-tap-sinh-ba/828519.html?ta_source=ITJobs_LinkDetail
Thực Tập Sinh Back-End PHP,4 - 8 triệu,CÔNG TY CỔ PHẦN TRUYỀN THÔNG VĂN HOÁ VIỆT,"P322-324 Tháp đông, sàn TM, chung cư Học Viện Quốc Phòng, Xuân La, Tây Hồ, Hà Nội",Hạn nộp hồ sơ: 25/05/2024,https://www.topcv.vn/viec-lam/thuc-tap-sinh-back-end-php/858219.html?ta_source=ITJobs_LinkDetail
Thực Tập Sinh Flutter,4 - 8 triệu,CÔNG TY CỔ PHẦN TRUYỀN THÔNG VĂN HOÁ VIỆT,"P322-324 Tháp đông, sàn TM, chung cư Học Viện Quốc Phòng, Xuân La, Tây Hồ, Hà Nội",Hạn nộp hồ sơ: 25/05/2024,https://www.topcv.vn/viec-lam/thuc-tap-sinh-flutter/869952.html?ta_source=ITJobs_LinkDetail
Talent Acquisition Intern,Tới 3 triệu,Công ty Cổ phần Solazu,"137 Lê Quang Định, Phường 14, Quận Bình Thạnh, Thành phố Hồ Chí Minh, Việt Nam",Hạn nộp hồ sơ: 31/05/2024,https://www.topcv.vn/viec-lam/talent-acquisition-intern/1314208.html?ta_source=ITJobs_LinkDetail
Intern BA/PM,Thoả thuận,CÔNG TY TNHH CÔNG NGHỆ ALADIN,"Tầng 4, Toà nhà Văn Phòng HH1 Meco Complex, Ng. 102 Trường Chinh, Phương Đình, Đống Đa, Hà Nội, Vietnam.",Hạn nộp hồ sơ: 31/05/2024,https://www.topcv.vn/viec-lam/intern-ba-pm/1314099.html?ta_source=ITJobs_LinkDetail
Thực Tập Sinh Lập Trình Viên .Net,Trên 3 triệu,Công ty TNHH Digital Innovation,"Số 8 Phạm Hùng, Hà Nội",Hạn nộp hồ sơ: 31/07/2024,https://www.topcv.vn/viec-lam/thuc-tap-sinh-lap-trinh-vien-net/883391.html?ta_source=ITJobs_LinkDetail
Thực Tập Sinh IT Helpdesk,Thoả thuận,"Công ty Cổ phần Thương mại, Tư vấn và Xây dựng Vĩnh Hưng","Lô BT2, Ô số 49, Khu Bắc Linh Đàm, P.Hoàng Liệt, Q. Hoàng Mai, Hà Nội",Hạn nộp hồ sơ: 01/06/2024,https://www.topcv.vn/viec-lam/thuc-tap-sinh-it-helpdesk/1313909.html?ta_source=ITJobs_LinkDetail
Intern Fullstack,Thoả thuận,Công ty TNHH BlueOC Tech,"Tầng 12, Technopark, Vinhomes Ocean Park, Gia Lâm, Hà Nội",Hạn nộp hồ sơ: 24/05/2024,https://www.topcv.vn/viec-lam/intern-fullstack/1313054.html?ta_source=ITJobs_LinkDetail
Thực Tập Sinh Business Analyst,Thoả thuận,Công ty cổ phần TechLead,Tầng 4 - Số 11 Nguyễn Xiển - Thanh Xuân - Hà Nội,Hạn nộp hồ sơ: 24/05/2024,https://www.topcv.vn/viec-lam/thuc-tap-sinh-business-analyst/1131276.html?ta_source=ITJobs_LinkDetail
Thực Tập Sinh Python Fulltime,5 - 6 triệu,Công ty Cổ phần Lit Group,"56 Tố Hữu, Tòa Lilama10, Trung Văn, Nam Từ Liêm, Hà Nội",Hạn nộp hồ sơ: 24/05/2024,https://www.topcv.vn/viec-lam/thuc-tap-sinh-python-fulltime/1311967.html?ta_source=ITJobs_LinkDetail
Thực Tập Sinh Java Dev (IT Card Team) (Upto $300),200 - 300 USD,Woori Bank Vietnam,"24F Keangnam Landmark, 72 E6 Phạm Hùng, Me Tri, Tu Liem, Ha Noi",Hạn nộp hồ sơ: 30/05/2024,https://www.topcv.vn/viec-lam/thuc-tap-sinh-java-dev-it-card-team-upto-300/1273173.html?ta_source=ITJobs_LinkDetail
